{"text": " McConnell is the author of several books.", "segments": [{"id": 0, "seek": 0, "start": 0.0, "end": 4.0, "text": " McConnell is the author of several books.", "tokens": [50364, 41331, 307, 264, 3793, 295, 2940, 3642, 13, 50564], "temperature": 0.0, "avg_logprob": -0.41231402483853424, "compression_ratio": 0.8367346938775511, "no_speech_prob": 0.0294487364590168}], "language": "en"}